{
  "dynamics": [
    {
      "A": [
        [
          -0.0058635299417048869,
          -0.016785323453724146,
          0
        ],
        [
          0.0038456818588185806,
          -0.0072502083995530393,
          0
        ],
        [
          0,
          0,
          -0.00018124837477503312
        ]
      ],
      "b": [
        7.9083932699756748E-9,
        -2.6122132876888665E-9,
        -1.3425514548543567E-9
      ],
      "mu": [
        -1.3546422759272667,
        -0.90512789784634984,
        0.11995492101251706
      ],
      "denominator": 0.077676256371069147,
      "invSigma": [
        [
          36.8578011403332,
          30.894603331667856,
          -46.393897329338088
        ],
        [
          30.894603331667916,
          39.663791499197828,
          -106.83248737735812
        ],
        [
          -46.393897329338522,
          -106.8324873773584,
          474.72818887469032
        ]
      ],
      "prior": 0.15
    },
    {
      "A": [
        [
          -0.11067451743234995,
          0.45279685089918636,
          0
        ],
        [
          -0.46889373695621811,
          -0.65094765959541412,
          0
        ],
        [
          0,
          0,
          -0.12815809616495122
        ]
      ],
      "b": [
        -2.1278838836707372E-11,
        -1.5474205055717713E-11,
        -1.0270695948477293E-11
      ],
      "mu": [
        -1.1664975153818129,
        -0.87171386018579788,
        0.29736516891476489
      ],
      "denominator": 0.074545485595197067,
      "invSigma": [
        [
          42.613472724964609,
          21.505916144977832,
          27.107971968430046
        ],
        [
          21.505916144977753,
          43.296107470127851,
          -77.910784564507708
        ],
        [
          27.107971968430302,
          -77.910784564507509,
          308.11132115840456
        ]
      ],
      "prior": 0.1
    },
    {
      "A": [
        [
          -0.3946468523162564,
          1.3135279477181017,
          0
        ],
        [
          -0.31129630596254071,
          -0.91419727553899865,
          0
        ],
        [
          0,
          0,
          -0.16780508704450278
        ]
      ],
      "b": [
        -6.3390502397617126E-9,
        -5.660585023555209E-9,
        3.80313358686874E-9
      ],
      "mu": [
        -0.97835537397042049,
        -0.79875747177287026,
        0.62703345400709665
      ],
      "denominator": 0.14210020225521883,
      "invSigma": [
        [
          40.13296066033061,
          32.601187645391221,
          -6.8252381329317444
        ],
        [
          32.601187645391228,
          38.176521984158988,
          -25.55730492239973
        ],
        [
          -6.8252381329317515,
          -25.557304922399744,
          61.587607646258064
        ]
      ],
      "prior": 0.15000243125634974
    },
    {
      "A": [
        [
          -0.94845706022948906,
          2.119356360624816,
          0
        ],
        [
          -0.51271635344783151,
          -0.68047832212617709,
          0
        ],
        [
          0,
          0,
          -0.10442921644679322
        ]
      ],
      "b": [
        -1.1444549087099484E-8,
        -1.1050703426198913E-8,
        1.0468339771626233E-8
      ],
      "mu": [
        -0.79019948891696823,
        -0.69405198814928748,
        0.95105662856785944
      ],
      "denominator": 0.032410784679056753,
      "invSigma": [
        [
          60.594392393960483,
          51.058343560255409,
          -23.9393080868303
        ],
        [
          51.05834356025543,
          53.509663996687792,
          -57.306374676931924
        ],
        [
          -23.939308086830266,
          -57.306374676931874,
          512.56989281437711
        ]
      ],
      "prior": 0.099997568147505961
    },
    {
      "A": [
        [
          -2.11693769574657,
          0.49150273680668111,
          0
        ],
        [
          -0.87205072803044048,
          -1.5835399155688785,
          0
        ],
        [
          0,
          0,
          -1.0279855612695254
        ]
      ],
      "b": [
        3.82946888100966E-10,
        1.9123840120643275E-10,
        -5.5136334494978968E-10
      ],
      "mu": [
        -0.6396951101827858,
        -0.587816769440068,
        0.951054369758671
      ],
      "denominator": 0.019666729724963049,
      "invSigma": [
        [
          129.61071303119869,
          96.286700538859492,
          202.21995312505757
        ],
        [
          96.2867005388596,
          84.845835915369037,
          124.19873248942898
        ],
        [
          202.21995312505729,
          124.19873248942859,
          737.9944963030274
        ]
      ],
      "prior": 0.10000287755396205
    },
    {
      "A": [
        [
          -3.89909439146346,
          -1.7122919289870857,
          0
        ],
        [
          -1.165652219693323,
          -3.2688854575509776,
          0
        ],
        [
          0,
          0,
          -0.82930397778659026
        ]
      ],
      "b": [
        -2.4613125425982448E-11,
        -7.9853746120856534E-12,
        3.7561080517196617E-11
      ],
      "mu": [
        -0.45154186904278415,
        -0.43227244285701916,
        0.62702349351466979
      ],
      "denominator": 0.0286013272422929,
      "invSigma": [
        [
          404.95822711086367,
          183.64636677977296,
          281.70727055848926
        ],
        [
          183.64636677977296,
          111.88748013004496,
          112.49192551466092
        ],
        [
          281.70727055848931,
          112.49192551466092,
          230.28687455137572
        ]
      ],
      "prior": 0.1499971230421823
    },
    {
      "A": [
        [
          -3.7974698020306388,
          1.0320061006286014,
          0
        ],
        [
          -0.68105144206085722,
          -3.2204458545843293,
          0
        ],
        [
          0,
          0,
          -1.2320586186232898
        ]
      ],
      "b": [
        9.9712509098099619E-12,
        5.7718513512226318E-12,
        4.5261558195761328E-11
      ],
      "mu": [
        -0.26340266476363516,
        -0.25952046038273152,
        0.29736516891476483
      ],
      "denominator": 0.0049002887324076008,
      "invSigma": [
        [
          1799.1560306571732,
          -146.82458852317814,
          1342.7130501973156
        ],
        [
          -146.82458852317882,
          189.80725949402529,
          -212.62484177549371
        ],
        [
          1342.7130501973159,
          -212.62484177549322,
          1094.0733248495703
        ]
      ],
      "prior": 0.09999999999999995
    },
    {
      "A": [
        [
          -1.8582707354073857,
          0.33711265514547173,
          0
        ],
        [
          -0.28556167175707114,
          -1.6261124822023627,
          0
        ],
        [
          0,
          0,
          -6.4428939278954251
        ]
      ],
      "b": [
        -7.1410313588556369E-10,
        -6.9383384976314868E-10,
        -2.8142240812363689E-9
      ],
      "mu": [
        -0.075257904218181515,
        -0.075001035935644861,
        0.11995492101251706
      ],
      "denominator": 0.0045751885219789982,
      "invSigma": [
        [
          812.764830019266,
          -410.97042625517179,
          468.235882979429
        ],
        [
          -410.97042625517184,
          387.76739618499727,
          -261.65908236116422
        ],
        [
          468.23588297942905,
          -261.65908236116422,
          354.21337069339762
        ]
      ],
      "prior": 0.15
    }
  ],