{
  "dynamics": [
    {
      "A": [
        [
          -0.011591807591886967,
          -0.018672505734851443,
          -0.77134346351604055
        ],
        [
          -0.0052406679371814991,
          -0.012436271203049933,
          0.28833781056787333
        ],
        [
          0.78203722856752989,
          -0.27725974295781408,
          -0.0025270081395714753
        ]
      ],
      "b": [
        -3.9403221487773007E-11,
        9.4172020889044416E-11,
        -8.901643487065264E-11
      ],
      "mu": [
        -1.3546422759272667,
        -0.90512789784634984,
        0.11995492101251706
      ],
      "denominator": 0.188028283246953,
      "invSigma": [
        [
          32.323851482725466,
          20.454154318998761,
          0
        ],
        [
          20.454154318998757,
          15.622286008892866,
          0
        ],
        [
          0,
          0,
          81.0168272879272
        ]
      ],
      "prior": 0.15
    },
    {
      "A": [
        [
          -0.10874552774573344,
          0.23780763840851588,
          -1.3749223773064971
        ],
        [
          -0.77337777260874263,
          -0.65977209908618151,
          -0.70451900068921525
        ],
        [
          1.3381232283477742,
          0.61385968503453625,
          -0.0031646101996174016
        ]
      ],
      "b": [
        -2.4953281291985861E-10,
        -1.098631863781866E-10,
        3.2299111441432474E-10
      ],
      "mu": [
        -1.1664975153818129,
        -0.87171386018579788,
        0.29736516891476489
      ],
      "denominator": 0.23028105084151559,
      "invSigma": [
        [
          40.228483619473586,
          28.360592422605485,
          0
        ],
        [
          28.360592422605485,
          23.595142479177646,
          0
        ],
        [
          0,
          0,
          32.287464913474139
        ]
      ],
      "prior": 0.1
    },
    {
      "A": [
        [
          -0.1399003942291315,
          0.96780794468274967,
          -1.2442619646605089
        ],
        [
          -0.22363792159126555,
          -0.99001688596613224,
          -2.7696085916981024
        ],
        [
          1.8438684007261454,
          1.1742997126201073,
          -0.64275089670812691
        ]
      ],
      "b": [
        -5.9902224949833175E-9,
        -5.1126473987388979E-9,
        3.7590706489687615E-9
      ],
      "mu": [
        -0.97835537397042049,
        -0.79875747177287026,
        0.62703345400709665
      ],
      "denominator": 0.21796726012037351,
      "invSigma": [
        [
          39.376576748833457,
          29.768885843164508,
          0
        ],
        [
          29.768885843164504,
          27.570884586321142,
          0
        ],
        [
          0,
          0,
          26.175814020669154
        ]
      ],
      "prior": 0.15000243125634974
    },
    {
      "A": [
        [
          -1.0350474451985996,
          0.39004448108789075,
          -2.0755687709496833
        ],
        [
          -0.48924817756025862,
          -1.5533886148334721,
          -3.288131751853776
        ],
        [
          0.24424513778218707,
          -0.20647093502219829,
          -2.680997685215941
        ]
      ],
      "b": [
        -9.7140089721562367E-10,
        -1.1360268414652072E-9,
        1.0703417890116157E-9
      ],
      "mu": [
        -0.79019948891696823,
        -0.69405198814928748,
        0.95105662856785944
      ],
      "denominator": 0.03806449556751966,
      "invSigma": [
        [
          59.476319561922729,
          48.381879378565209,
          0
        ],
        [
          48.38187937856523,
          47.102692723792082,
          0
        ],
        [
          0,
          0,
          371.61396541923443
        ]
      ],
      "prior": 0.099997568147505961
    },
    {
      "A": [
        [
          -1.8967863829115148,
          0.072456831464852212,
          -0.17098409501273024
        ],
        [
          -0.64435609395728122,
          -1.9827488899579875,
          0.72166282688387018
        ],
        [
          -0.16524610255475652,
          -0.43109329250837225,
          -0.92761359063326132
        ]
      ],
      "b": [
        -2.0904655391462481E-13,
        -2.2441402937379059E-12,
        4.694300648818332E-12
      ],
      "mu": [
        -0.6396951101827858,
        -0.587816769440068,
        0.951054369758671
      ],
      "denominator": 0.027715094541260747,
      "invSigma": [
        [
          74.1998534018209,
          62.254655600829025,
          0
        ],
        [
          62.254655600829039,
          63.944155443151935,
          0
        ],
        [
          0,
          0,
          371.60769037902605
        ]
      ],
      "prior": 0.10000287755396205
    },
    {
      "A": [
        [
          -3.5345860084778598,
          -1.3984486921813195,
          1.1109440451015808
        ],
        [
          -0.879479411589743,
          -3.1510816212970836,
          4.6667505871089743
        ],
        [
          -0.80338588789487164,
          -1.8898856556514658,
          -0.65062995604248663
        ]
      ],
      "b": [
        -5.0110015842943093E-13,
        8.0443754352599738E-13,
        -1.7548298537616313E-12
      ],
      "mu": [
        -0.45154186904278415,
        -0.43227244285701916,
        0.62702349351466979
      ],
      "denominator": 0.0848324639854885,
      "invSigma": [
        [
          60.348980751886607,
          46.036295175217887,
          0
        ],
        [
          46.036295175217887,
          56.936743877063748,
          0
        ],
        [
          0,
          0,
          26.176850746591384
        ]
      ],
      "prior": 0.1499971230421823
    },
    {
      "A": [
        [
          -3.1929988208821141,
          0.8540387067220172,
          1.7916584842415024
        ],
        [
          -0.75698469197050466,
          -3.177803275498686,
          2.7523379737914535
        ],
        [
          0.055030194953649365,
          0.11489191376064679,
          -2.8202665880298743
        ]
      ],
      "b": [
        -6.26675065203416E-14,
        -1.1434268471747492E-13,
        5.6367480131948E-13
      ],
      "mu": [
        -0.26340266476363516,
        -0.25952046038273152,
        0.29736516891476483
      ],
      "denominator": 0.028525148312913126,
      "invSigma": [
        [
          151.29724987749734,
          114.12149558626531,
          0
        ],
        [
          114.12149558626535,
          148.4852362683248,
          0
        ],
        [
          0,
          0,
          32.287464913474132
        ]
      ],
      "prior": 0.09999999999999995
    },
    {
      "A": [
        [
          -1.596677754467676,
          0.39873393845822525,
          -0.13280324222927375
        ],
        [
          -0.46610503421779664,
          -1.702253470996268,
          1.8239934352661336
        ],
        [
          -0.12230981635494206,
          -0.00044797914583734989,
          -6.4348494112825421
        ]
      ],
      "b": [
        -4.9981257594625466E-12,
        -6.1773091357357267E-12,
        -1.80024844197588E-11
      ],
      "mu": [
        -0.075257904218181515,
        -0.075001035935644861,
        0.11995492101251706
      ],
      "denominator": 0.0095665171302137721,
      "invSigma": [
        [
          193.8021926678349,
          -65.082377960639874,
          0
        ],
        [
          -65.082377960639917,
          194.47860178386975,
          0
        ],
        [
          0,
          0,
          81.0168272879272
        ]
      ],
      "prior": 0.15
    }
  ],