{
  "DemoConfig": {
    "name": "2023_06_02",
    "normal": [
      0.045027131534913174,
      -0.0064200284500116594,
      0.99881436673898849,
      0.011085922064237958
    ],
    "origin": [
      -0.55080827306733182,
      -0.0016116369393391547,
      0.035918486221945135
    ]
  }
}